{"cameraMode":{"drawMode":0,"name":"Shaded","section":"Shading Mode"},"sceneLighting":false,"audioPlay":false,"sceneViewState":{"m_AlwaysRefresh":true,"showFog":true,"showSkybox":true,"showFlares":true,"showImageEffects":true,"showParticleSystems":true,"showVisualEffectGraphs":true,"m_FxEnabled":true},"in2DMode":false,"pivot":{"x":28.866355895996095,"y":22.447114944458009,"z":-54.43423080444336},"rotation":{"x":-0.08369991183280945,"y":0.10948458313941956,"z":-0.00925255287438631,"w":-0.9904150366783142},"size":23.37710952758789,"orthographic":false}